GameDate,Start(ET),Visitor/Neutral,Home/Neutral
"Tue, Oct 22, 2024",7:30p,NYK,BOS
"Tue, Oct 22, 2024",10:00p,MIN,LAL
"Wed, Oct 23, 2024",7:00p,IND,DET
"Wed, Oct 23, 2024",7:30p,BKN,ATL
"Wed, Oct 23, 2024",7:30p,ORL,MIA
"Wed, Oct 23, 2024",7:30p,MIL,PHI
"Wed, Oct 23, 2024",7:30p,CLE,TOR
"Wed, Oct 23, 2024",8:00p,CHA,HOU
"Wed, Oct 23, 2024",8:00p,CHI,NOP
"Wed, Oct 23, 2024",9:00p,MEM,UTA
"Wed, Oct 23, 2024",10:00p,PHX,LAC
"Wed, Oct 23, 2024",10:00p,GSW,POR
"Thu, Oct 24, 2024",7:00p,BOS,WSH
"Thu, Oct 24, 2024",7:30p,SAS,DAL
"Thu, Oct 24, 2024",10:00p,MIN,SAC
"Thu, Oct 24, 2024",10:00p,OKC,DEN
"Fri, Oct 25, 2024",7:00p,BKN,ORL
"Fri, Oct 25, 2024",7:00p,PHI,TOR
"Fri, Oct 25, 2024",7:30p,CHA,ATL
"Fri, Oct 25, 2024",7:30p,DET,CLE
"Fri, Oct 25, 2024",7:30p,IND,NYK
"Fri, Oct 25, 2024",8:00p,MEM,HOU
"Fri, Oct 25, 2024",8:00p,CHI,MIL
"Fri, Oct 25, 2024",9:30p,GSW,UTA
"Fri, Oct 25, 2024",10:00p,PHX,LAL
"Fri, Oct 25, 2024",10:00p,NOP,POR
"Sat, Oct 26, 2024",5:00p,LAC,DEN
"Sat, Oct 26, 2024",7:00p,CLE,WSH
"Sat, Oct 26, 2024",7:00p,BOS,DET
"Sat, Oct 26, 2024",7:00p,MIA,CHA
"Sat, Oct 26, 2024",8:00p,ORL,MEM
"Sat, Oct 26, 2024",8:00p,TOR,MIN
"Sat, Oct 26, 2024",8:00p,OKC,CHI
"Sat, Oct 26, 2024",8:30p,HOU,SAS
"Sat, Oct 26, 2024",10:00p,DAL,PHX
"Sat, Oct 26, 2024",10:30p,SAC,LAL
"Sun, Oct 27, 2024",3:30p,PHI,IND
"Sun, Oct 27, 2024",6:00p,NOP,POR
"Sun, Oct 27, 2024",6:00p,MIL,BKN
"Sun, Oct 27, 2024",7:00p,ATL,OKC
"Sun, Oct 27, 2024",8:30p,LAC,GSW
"Mon, Oct 28, 2024",7:00p,IND,ORL
"Mon, Oct 28, 2024",7:30p,WSH,ATL
"Mon, Oct 28, 2024",7:30p,MIL,BOS
"Mon, Oct 28, 2024",7:30p,DEN,TOR
"Mon, Oct 28, 2024",7:30p,DET,MIA
"Mon, Oct 28, 2024",7:30p,CLE,NYK
"Mon, Oct 28, 2024",8:00p,HOU,SAS
"Mon, Oct 28, 2024",8:00p,CHI,MEM
"Mon, Oct 28, 2024",8:30p,UTA,DAL
"Mon, Oct 28, 2024",10:00p,POR,SAC
"Mon, Oct 28, 2024",10:00p,LAL,PHX
"Tue, Oct 29, 2024",7:30p,DEN,BKN
"Tue, Oct 29, 2024",7:30p,DAL,MIN
"Tue, Oct 29, 2024",9:00p,SAC,UTA
"Tue, Oct 29, 2024",10:00p,NOP,GSW
"Wed, Oct 30, 2024",7:00p,DET,PHI
"Wed, Oct 30, 2024",7:00p,ATL,WSH
"Wed, Oct 30, 2024",7:00p,BOS,IND
"Wed, Oct 30, 2024",7:00p,LAL,CLE
"Wed, Oct 30, 2024",7:00p,TOR,CHA
"Wed, Oct 30, 2024",7:30p,NYK,MIA
"Wed, Oct 30, 2024",8:00p,ORL,CHI
"Wed, Oct 30, 2024",8:00p,BKN,MEM
"Wed, Oct 30, 2024",9:30p,SAS,OKC
"Wed, Oct 30, 2024",10:00p,NOP,GSW
"Wed, Oct 30, 2024",10:30p,POR,LAC
"Thu, Oct 31, 2024",8:00p,MIL,MEM
"Thu, Oct 31, 2024",8:30p,HOU,DAL
"Thu, Oct 31, 2024",9:00p,SAS,UTA
"Thu, Oct 31, 2024",10:30p,PHX,LAC
"Fri, Nov 1, 2024",7:00p,BOS,CHA
"Fri, Nov 1, 2024",7:00p,ORL,CLE
"Fri, Nov 1, 2024",7:00p,NYK,DET
"Fri, Nov 1, 2024",7:30p,SAC,ATL
"Fri, Nov 1, 2024",7:30p,CHI,BKN
"Fri, Nov 1, 2024",7:30p,LAL,TOR
"Fri, Nov 1, 2024",8:00p,IND,NOP
"Fri, Nov 1, 2024",9:30p,DEN,MIN
"Fri, Nov 1, 2024",10:00p,OKC,POR
"Sat, Nov 2, 2024",6:00p,BOS,CHA
"Sat, Nov 2, 2024",7:30p,MEM,PHI
"Sat, Nov 2, 2024",7:30p,SAC,TOR
"Sat, Nov 2, 2024",8:00p,GSW,HOU
"Sat, Nov 2, 2024",8:00p,CLE,MIL
"Sat, Nov 2, 2024",8:00p,MIN,SAS
"Sat, Nov 2, 2024",9:30p,MIA,WSH
"Sat, Nov 2, 2024",10:00p,UTA,DEN
"Sat, Nov 2, 2024",10:00p,POR,PHX
"Sat, Nov 2, 2024",10:30p,OKC,LAC
"Sun, Nov 3, 2024",3:30p,DET,BKN
"Sun, Nov 3, 2024",7:00p,ATL,NOP
"Sun, Nov 3, 2024",7:30p,ORL,DAL
"Mon, Nov 4, 2024",7:00p,MIL,CLE
"Mon, Nov 4, 2024",7:15p,GSW,WSH
"Mon, Nov 4, 2024",7:30p,LAL,DET
"Mon, Nov 4, 2024",7:45p,BOS,ATL
"Mon, Nov 4, 2024",8:00p,MEM,BKN
"Mon, Nov 4, 2024",8:15p,SAC,MIA
"Mon, Nov 4, 2024",8:30p,UTA,CHI
"Mon, Nov 4, 2024",8:45p,NYK,HOU
"Mon, Nov 4, 2024",9:00p,CHA,MIN
"Mon, Nov 4, 2024",9:15p,ORL,OKC
"Mon, Nov 4, 2024",9:30p,POR,NOP
"Mon, Nov 4, 2024",9:45p,IND,DAL
"Mon, Nov 4, 2024",10:00p,TOR,DEN
"Mon, Nov 4, 2024",10:15p,PHI,PHX
"Mon, Nov 4, 2024",10:30p,SAS,LAC
"Wed, Nov 6, 2024",7:00p,DET,CHA
"Wed, Nov 6, 2024",7:00p,ORL,IND
"Wed, Nov 6, 2024",7:30p,NYK,ATL
"Wed, Nov 6, 2024",7:30p,GSW,BOS
"Wed, Nov 6, 2024",8:00p,SAS,HOU
"Wed, Nov 6, 2024",8:00p,LAL,MEM
"Wed, Nov 6, 2024",8:00p,CLE,NOP
"Wed, Nov 6, 2024",8:30p,CHI,DAL
"Wed, Nov 6, 2024",9:00p,OKC,DEN
"Wed, Nov 6, 2024",9:00p,MIA,PHX
"Wed, Nov 6, 2024",10:00p,PHI,LAC
"Wed, Nov 6, 2024",10:00p,TOR,SAC
"Thu, Nov 7, 2024",8:00p,MIN,CHI
"Thu, Nov 7, 2024",8:00p,UTA,MIL
"Thu, Nov 7, 2024",8:00p,POR,SAS
"Fri, Nov 8, 2024",7:00p,IND,CHA
"Fri, Nov 8, 2024",7:00p,ATL,DET
"Fri, Nov 8, 2024",7:00p,NOP,ORL
"Fri, Nov 8, 2024",7:30p,BKN,BOS
"Fri, Nov 8, 2024",7:30p,GSW,CLE
"Fri, Nov 8, 2024",7:30p,PHX,DAL
"Fri, Nov 8, 2024",7:30p,MIL,NYK
"Fri, Nov 8, 2024",8:00p,WSH,MEM
"Fri, Nov 8, 2024",8:00p,HOU,OKC
"Fri, Nov 8, 2024",9:00p,MIA,DEN
"Fri, Nov 8, 2024",9:00p,POR,MIN
"Fri, Nov 8, 2024",10:00p,PHI,LAL
"Fri, Nov 8, 2024",10:00p,LAC,SAC
"Sat, Nov 9, 2024",5:00p,UTA,SAS
"Sat, Nov 9, 2024",7:30p,CHI,ATL
"Sat, Nov 9, 2024",7:30p,BKN,CLE
"Sat, Nov 9, 2024",10:30p,TOR,LAC
"Sun, Nov 10, 2024",3:00p,HOU,DET
"Sun, Nov 10, 2024",3:30p,BOS,MIL
"Sun, Nov 10, 2024",5:00p,NYK,IND
"Sun, Nov 10, 2024",6:00p,WSH,ORL
"Sun, Nov 10, 2024",7:00p,MIA,MIN
"Sun, Nov 10, 2024",7:00p,GSW,OKC
"Sun, Nov 10, 2024",7:00p,CHA,PHI
"Sun, Nov 10, 2024",8:00p,DAL,DEN
"Sun, Nov 10, 2024",8:00p,SAC,PHX
"Sun, Nov 10, 2024",9:00p,MEM,POR
"Sun, Nov 10, 2024",9:30p,TOR,LAL
"Mon, Nov 11, 2024",8:00p,CLE,CHI
"Mon, Nov 11, 2024",8:00p,WSH,HOU
"Mon, Nov 11, 2024",8:00p,BKN,NOP
"Mon, Nov 11, 2024",8:00p,LAC,OKC
"Mon, Nov 11, 2024",8:00p,SAC,SAS
"Tue, Nov 12, 2024",7:00p,ATL,BOS
"Tue, Nov 12, 2024",7:00p,MIA,DET
"Tue, Nov 12, 2024",7:00p,CHA,ORL
"Tue, Nov 12, 2024",7:30p,NYK,PHI
"Tue, Nov 12, 2024",8:00p,TOR,MIL
"Tue, Nov 12, 2024",9:00p,PHX,UTA
"Tue, Nov 12, 2024",10:00p,DAL,GSW
"Tue, Nov 12, 2024",10:00p,MIN,POR
"Wed, Nov 13, 2024",7:00p,IND,ORL
"Wed, Nov 13, 2024",7:30p,BOS,BKN
"Wed, Nov 13, 2024",7:30p,CHI,NYK
"Wed, Nov 13, 2024",7:30p,NOP,OKC
"Wed, Nov 13, 2024",7:30p,CLE,PHI
"Wed, Nov 13, 2024",8:00p,LAC,HOU
"Wed, Nov 13, 2024",8:00p,DET,MIL
"Wed, Nov 13, 2024",8:00p,WSH,SAS
"Wed, Nov 13, 2024",10:00p,MEM,LAL
"Wed, Nov 13, 2024",10:00p,MIN,POR
"Wed, Nov 13, 2024",10:00p,PHX,SAC
"Thu, Nov 14, 2024",9:00p,DAL,UTA
"Fri, Nov 15, 2024",7:00p,MIA,IND
"Fri, Nov 15, 2024",7:00p,PHI,ORL
"Fri, Nov 15, 2024",7:00p,DET,TOR
"Fri, Nov 15, 2024",7:30p,WSH,ATL
"Fri, Nov 15, 2024",7:30p,CHI,CLE
"Fri, Nov 15, 2024",7:30p,BKN,NYK
"Fri, Nov 15, 2024",7:30p,LAL,SAS
"Fri, Nov 15, 2024",8:00p,LAC,HOU
"Fri, Nov 15, 2024",8:00p,DEN,NOP
"Fri, Nov 15, 2024",8:00p,PHX,OKC
"Fri, Nov 15, 2024",10:00p,MEM,GSW
"Fri, Nov 15, 2024",10:00p,MIN,SAC
"Sat, Nov 16, 2024",3:00p,MIL,CHA
"Sat, Nov 16, 2024",8:00p,TOR,BOS
"Sat, Nov 16, 2024",8:00p,LAL,NOP
"Sat, Nov 16, 2024",8:30p,SAS,DAL
"Sat, Nov 16, 2024",10:00p,UTA,SAC
"Sun, Nov 17, 2024",3:30p,PHX,MIN
"Sun, Nov 17, 2024",5:00p,MIA,IND
"Sun, Nov 17, 2024",6:00p,CHA,CLE
"Sun, Nov 17, 2024",6:00p,DEN,MEM
"Sun, Nov 17, 2024",6:00p,ATL,POR
"Sun, Nov 17, 2024",6:00p,DET,WSH
"Sun, Nov 17, 2024",7:00p,HOU,CHI
"Sun, Nov 17, 2024",7:00p,BKN,NYK
"Sun, Nov 17, 2024",7:00p,DAL,OKC
"Sun, Nov 17, 2024",9:00p,UTA,LAC
"Mon, Nov 18, 2024",7:00p,CHI,DET
"Mon, Nov 18, 2024",7:30p,PHI,MIA
"Mon, Nov 18, 2024",7:30p,WSH,NYK
"Mon, Nov 18, 2024",7:30p,IND,TOR
"Mon, Nov 18, 2024",8:00p,HOU,MIL
"Mon, Nov 18, 2024",9:00p,ORL,PHX
"Mon, Nov 18, 2024",10:00p,ATL,SAC
"Mon, Nov 18, 2024",10:30p,GSW,LAC
"Tue, Nov 19, 2024",7:00p,CLE,BOS
"Tue, Nov 19, 2024",7:30p,CHA,BKN
"Tue, Nov 19, 2024",8:00p,DEN,MEM
"Tue, Nov 19, 2024",8:30p,NOP,DAL
"Tue, Nov 19, 2024",9:30p,OKC,SAS
"Tue, Nov 19, 2024",10:30p,UTA,LAL
"Wed, Nov 20, 2024",7:30p,NOP,CLE
"Wed, Nov 20, 2024",7:30p,CHI,MIL
"Wed, Nov 20, 2024",8:00p,IND,HOU
"Wed, Nov 20, 2024",8:00p,PHI,MEM
"Wed, Nov 20, 2024",8:00p,POR,OKC
"Wed, Nov 20, 2024",10:00p,ATL,GSW
"Wed, Nov 20, 2024",10:00p,NYK,PHX
"Wed, Nov 20, 2024",10:30p,ORL,LAC
"Thu, Nov 21, 2024",7:00p,DET,CHA
"Thu, Nov 21, 2024",7:30p,MIN,TOR
"Thu, Nov 21, 2024",8:00p,UTA,SAS
"Thu, Nov 21, 2024",10:30p,ORL,LAL
"Fri, Nov 22, 2024",7:00p,BKN,PHI
"Fri, Nov 22, 2024",7:00p,BOS,WSH
"Fri, Nov 22, 2024",7:30p,IND,MIL
"Fri, Nov 22, 2024",8:00p,ATL,CHI
"Fri, Nov 22, 2024",8:00p,POR,HOU
"Fri, Nov 22, 2024",8:00p,GSW,NOP
"Fri, Nov 22, 2024",10:00p,DAL,DEN
"Fri, Nov 22, 2024",10:30p,SAC,LAC
"Sat, Nov 23, 2024",5:00p,NYK,UTA
"Sat, Nov 23, 2024",7:00p,DET,ORL
"Sat, Nov 23, 2024",8:00p,MEM,CHI
"Sat, Nov 23, 2024",8:00p,POR,HOU
"Sat, Nov 23, 2024",8:00p,CHA,MIL
"Sat, Nov 23, 2024",8:30p,GSW,SAS
"Sat, Nov 23, 2024",10:30p,DEN,LAL
"Sun, Nov 24, 2024",3:30p,MIN,BOS
"Sun, Nov 24, 2024",5:00p,WSH,IND
"Sun, Nov 24, 2024",6:00p,DAL,MIA
"Sun, Nov 24, 2024",6:00p,LAC,PHI
"Sun, Nov 24, 2024",7:30p,TOR,CLE
"Sun, Nov 24, 2024",9:00p,BKN,SAC
"Mon, Nov 25, 2024",7:00p,ORL,CHA
"Mon, Nov 25, 2024",7:00p,TOR,DET
"Mon, Nov 25, 2024",7:00p,NOP,IND
"Mon, Nov 25, 2024",7:30p,DAL,ATL
"Mon, Nov 25, 2024",7:30p,LAC,BOS
"Mon, Nov 25, 2024",8:00p,POR,MEM
"Mon, Nov 25, 2024",9:00p,NYK,DEN
"Mon, Nov 25, 2024",10:00p,BKN,GSW
"Mon, Nov 25, 2024",10:00p,OKC,SAC
"Tue, Nov 26, 2024",7:00p,CHI,WSH
"Tue, Nov 26, 2024",7:30p,MIL,MIA
"Tue, Nov 26, 2024",8:00p,HOU,MIN
"Tue, Nov 26, 2024",9:00p,SAS,UTA
"Tue, Nov 26, 2024",10:00p,LAL,PHX
"Wed, Nov 27, 2024",7:00p,MIA,CHA
"Wed, Nov 27, 2024",7:00p,ATL,CLE
"Wed, Nov 27, 2024",7:00p,POR,IND
"Wed, Nov 27, 2024",7:00p,CHI,ORL
"Wed, Nov 27, 2024",7:00p,HOU,PHI
"Wed, Nov 27, 2024",7:00p,LAC,WSH
"Wed, Nov 27, 2024",7:30p,NYK,DAL
"Wed, Nov 27, 2024",8:00p,DET,MEM
"Wed, Nov 27, 2024",8:00p,SAC,MIN
"Wed, Nov 27, 2024",8:00p,TOR,NOP
"Wed, Nov 27, 2024",8:30p,LAL,SAS
"Wed, Nov 27, 2024",9:00p,BKN,PHX
"Wed, Nov 27, 2024",9:00p,DEN,UTA
"Wed, Nov 27, 2024",10:00p,OKC,GSW
"Fri, Nov 29, 2024",12:00p,NYK,CHA
"Fri, Nov 29, 2024",2:30p,CLE,ATL
"Fri, Nov 29, 2024",5:00p,NOP,MEM
"Fri, Nov 29, 2024",7:30p,ORL,BKN
"Fri, Nov 29, 2024",7:30p,LAC,MIN
"Fri, Nov 29, 2024",8:00p,BOS,CHI
"Fri, Nov 29, 2024",8:00p,DET,IND
"Fri, Nov 29, 2024",8:00p,TOR,MIA
"Fri, Nov 29, 2024",10:00p,OKC,LAL
"Fri, Nov 29, 2024",10:00p,SAC,POR
"Sat, Nov 30, 2024",6:00p,ATL,CHA
"Sat, Nov 30, 2024",7:00p,PHI,DET
"Sat, Nov 30, 2024",8:00p,WSH,MIL
"Sat, Nov 30, 2024",9:00p,GSW,PHX
"Sat, Nov 30, 2024",9:30p,DAL,UTA
"Sun, Dec 1, 2024",3:30p,ORL,BKN
"Sun, Dec 1, 2024",3:30p,IND,MEM
"Sun, Dec 1, 2024",6:00p,BOS,CLE
"Sun, Dec 1, 2024",6:00p,NOP,NYK
"Sun, Dec 1, 2024",6:00p,MIA,TOR
"Sun, Dec 1, 2024",7:00p,OKC,HOU
"Sun, Dec 1, 2024",8:00p,LAL,UTA
"Sun, Dec 1, 2024",9:00p,DAL,POR
"Sun, Dec 1, 2024",9:00p,SAS,SAC
"Sun, Dec 1, 2024",10:00p,DEN,LAC
"Mon, Dec 2, 2024",7:30p,NOP,ATL
"Mon, Dec 2, 2024",7:30p,MIA,BOS
"Mon, Dec 2, 2024",8:00p,BKN,CHI
"Mon, Dec 2, 2024",8:00p,LAL,MIN
"Tue, Dec 3, 2024",7:00p,PHI,CHA
"Tue, Dec 3, 2024",7:00p,WSH,CLE
"Tue, Dec 3, 2024",7:00p,MIL,DET
"Tue, Dec 3, 2024",7:30p,ORL,NYK
"Tue, Dec 3, 2024",7:30p,IND,TOR
"Tue, Dec 3, 2024",8:00p,UTA,OKC
"Tue, Dec 3, 2024",8:30p,MEM,DAL
"Tue, Dec 3, 2024",9:00p,SAS,PHX
"Tue, Dec 3, 2024",10:00p,GSW,DEN
"Tue, Dec 3, 2024",10:00p,HOU,SAC
"Tue, Dec 3, 2024",10:30p,POR,LAC
"Wed, Dec 4, 2024",7:30p,DET,BOS
"Wed, Dec 4, 2024",7:30p,IND,BKN
"Wed, Dec 4, 2024",7:30p,LAL,MIA
"Wed, Dec 4, 2024",7:30p,ORL,PHI
"Wed, Dec 4, 2024",8:00p,ATL,MIL
"Wed, Dec 4, 2024",10:30p,MIN,LAC
"Thu, Dec 5, 2024",7:00p,DEN,CLE
"Thu, Dec 5, 2024",7:00p,DAL,WSH
"Thu, Dec 5, 2024",7:30p,CHA,NYK
"Thu, Dec 5, 2024",7:30p,OKC,TOR
"Thu, Dec 5, 2024",8:00p,SAC,MEM
"Thu, Dec 5, 2024",8:00p,PHX,NOP
"Thu, Dec 5, 2024",8:00p,CHI,SAS
"Thu, Dec 5, 2024",10:00p,HOU,GSW
"Fri, Dec 6, 2024",7:00p,ORL,PHI
"Fri, Dec 6, 2024",7:30p,LAL,ATL
"Fri, Dec 6, 2024",7:30p,MIL,BOS
"Fri, Dec 6, 2024",8:00p,IND,CHI
"Fri, Dec 6, 2024",8:00p,SAC,SAS
"Fri, Dec 6, 2024",10:00p,MIN,GSW
"Fri, Dec 6, 2024",10:00p,UTA,POR
"Sat, Dec 7, 2024",1:00p,CLE,CHA
"Sat, Dec 7, 2024",7:00p,OKC,NOP
"Sat, Dec 7, 2024",7:00p,DEN,WSH
"Sat, Dec 7, 2024",7:30p,DET,NYK
"Sat, Dec 7, 2024",7:30p,DAL,TOR
"Sat, Dec 7, 2024",8:00p,MEM,BOS
"Sat, Dec 7, 2024",8:00p,PHX,MIA
"Sun, Dec 8, 2024",1:00p,PHI,CHI
"Sun, Dec 8, 2024",3:30p,MIL,BKN
"Sun, Dec 8, 2024",5:00p,CHA,IND
"Sun, Dec 8, 2024",6:00p,DEN,ATL
"Sun, Dec 8, 2024",6:00p,CLE,MIA
"Sun, Dec 8, 2024",6:30p,PHX,ORL
"Sun, Dec 8, 2024",7:00p,NOP,SAS
"Sun, Dec 8, 2024",7:00p,MEM,WSH
"Sun, Dec 8, 2024",8:30p,MIN,GSW
"Sun, Dec 8, 2024",9:00p,HOU,LAC
"Sun, Dec 8, 2024",9:00p,UTA,SAC
"Sun, Dec 8, 2024",9:30p,POR,LAL
"Mon, Dec 9, 2024",7:30p,NYK,TOR
"Thu, Dec 19, 2024",7:00p,UTA,DET
"Thu, Dec 19, 2024",7:00p,OKC,ORL
"Thu, Dec 19, 2024",7:00p,CHA,WSH
"Thu, Dec 19, 2024",7:30p,CHI,BOS
"Thu, Dec 19, 2024",7:30p,BKN,TOR
"Thu, Dec 19, 2024",8:00p,NOP,HOU
"Thu, Dec 19, 2024",8:00p,GSW,MEM
"Thu, Dec 19, 2024",8:00p,NYK,MIN
"Thu, Dec 19, 2024",8:30p,LAC,DAL
"Thu, Dec 19, 2024",9:00p,IND,PHX
"Thu, Dec 19, 2024",9:30p,ATL,SAS
"Thu, Dec 19, 2024",10:00p,DEN,POR
"Thu, Dec 19, 2024",10:00p,LAL,SAC
"Fri, Dec 20, 2024",7:00p,CHA,PHI
"Fri, Dec 20, 2024",7:30p,MIL,CLE
"Fri, Dec 20, 2024",8:00p,OKC,MIA
"Sat, Dec 21, 2024",6:00p,LAL,SAC
"Sat, Dec 21, 2024",7:00p,MIA,ORL
"Sat, Dec 21, 2024",7:30p,MEM,ATL
"Sat, Dec 21, 2024",7:30p,UTA,BKN
"Sat, Dec 21, 2024",8:00p,BOS,CHI
"Sat, Dec 21, 2024",8:00p,PHI,CLE
"Sat, Dec 21, 2024",8:00p,WSH,MIL
"Sat, Dec 21, 2024",8:00p,GSW,MIN
"Sat, Dec 21, 2024",8:00p,NYK,NOP
"Sat, Dec 21, 2024",8:30p,LAC,DAL
"Sat, Dec 21, 2024",8:30p,POR,SAS
"Sat, Dec 21, 2024",9:00p,DET,PHX
"Sun, Dec 22, 2024",6:00p,IND,SAC
"Sun, Dec 22, 2024",6:00p,HOU,TOR
"Sun, Dec 22, 2024",7:00p,DEN,NOP
"Mon, Dec 23, 2024",7:00p,HOU,CHA
"Mon, Dec 23, 2024",7:00p,UTA,CLE
"Mon, Dec 23, 2024",7:00p,BOS,ORL
"Mon, Dec 23, 2024",7:00p,SAS,PHI
"Mon, Dec 23, 2024",7:30p,MIN,ATL
"Mon, Dec 23, 2024",7:30p,BKN,MIA
"Mon, Dec 23, 2024",7:30p,TOR,NYK
"Mon, Dec 23, 2024",8:00p,MIL,CHI
"Mon, Dec 23, 2024",8:00p,LAC,MEM
"Mon, Dec 23, 2024",8:00p,WSH,OKC
"Mon, Dec 23, 2024",8:30p,POR,DAL
"Mon, Dec 23, 2024",10:00p,PHX,DEN
"Mon, Dec 23, 2024",10:00p,IND,GSW
"Mon, Dec 23, 2024",10:30p,DET,LAL
"Wed, Dec 25, 2024",12:00p,SAS,NYK
"Wed, Dec 25, 2024",2:30p,MIN,DAL
"Wed, Dec 25, 2024",5:00p,PHI,BOS
"Wed, Dec 25, 2024",8:00p,LAL,GSW
"Wed, Dec 25, 2024",10:30p,DEN,PHX
"Thu, Dec 26, 2024",7:00p,OKC,IND
"Thu, Dec 26, 2024",7:00p,MIA,ORL
"Thu, Dec 26, 2024",7:00p,CHA,WSH
"Thu, Dec 26, 2024",7:30p,CHI,ATL
"Thu, Dec 26, 2024",8:00p,TOR,MEM
"Thu, Dec 26, 2024",8:00p,BKN,MIL
"Thu, Dec 26, 2024",8:00p,HOU,NOP
"Thu, Dec 26, 2024",10:00p,UTA,POR
"Thu, Dec 26, 2024",10:00p,DET,SAC
"Fri, Dec 27, 2024",7:00p,NYK,ORL
"Fri, Dec 27, 2024",7:30p,IND,BOS
"Fri, Dec 27, 2024",7:30p,SAS,BKN
"Fri, Dec 27, 2024",8:00p,MIN,HOU
"Fri, Dec 27, 2024",8:00p,MEM,NOP
"Fri, Dec 27, 2024",9:00p,CLE,DEN
"Fri, Dec 27, 2024",9:00p,DAL,PHX
"Fri, Dec 27, 2024",10:00p,GSW,LAC
"Sat, Dec 28, 2024",3:00p,MIA,ATL
"Sat, Dec 28, 2024",6:00p,OKC,CHA
"Sat, Dec 28, 2024",7:00p,NYK,WSH
"Sat, Dec 28, 2024",8:00p,MIL,CHI
"Sat, Dec 28, 2024",8:30p,PHX,GSW
"Sat, Dec 28, 2024",9:00p,DET,DEN
"Sat, Dec 28, 2024",9:30p,PHI,UTA
"Sat, Dec 28, 2024",10:00p,DAL,POR
"Sat, Dec 28, 2024",10:30p,SAC,LAL
"Sun, Dec 29, 2024",3:30p,BKN,ORL
"Sun, Dec 29, 2024",6:00p,IND,BOS
"Sun, Dec 29, 2024",6:00p,ATL,TOR
"Sun, Dec 29, 2024",7:00p,MIA,HOU
"Sun, Dec 29, 2024",7:00p,MEM,OKC
"Sun, Dec 29, 2024",8:00p,SAS,MIN
"Mon, Dec 30, 2024",7:00p,CHI,CHA
"Mon, Dec 30, 2024",7:00p,NYK,WSH
"Mon, Dec 30, 2024",8:00p,LAC,NOP
"Mon, Dec 30, 2024",9:00p,DEN,UTA
"Mon, Dec 30, 2024",10:00p,CLE,GSW
"Mon, Dec 30, 2024",10:00p,PHI,POR
"Mon, Dec 30, 2024",10:00p,DAL,SAC
"Tue, Dec 31, 2024",3:00p,TOR,BOS
"Tue, Dec 31, 2024",3:00p,MIL,IND
"Tue, Dec 31, 2024",7:00p,LAC,SAS
"Tue, Dec 31, 2024",8:00p,MIN,OKC
"Tue, Dec 31, 2024",9:00p,CLE,LAL
"Tue, Dec 31, 2024",9:00p,MEM,PHX
"Wed, Jan 1, 2025",7:00p,ORL,DET
"Wed, Jan 1, 2025",7:00p,CHI,WSH
"Wed, Jan 1, 2025",7:30p,NOP,MIA
"Wed, Jan 1, 2025",7:30p,UTA,NYK
"Wed, Jan 1, 2025",7:30p,BKN,TOR
"Wed, Jan 1, 2025",8:00p,DAL,HOU
"Wed, Jan 1, 2025",9:00p,ATL,DEN
"Wed, Jan 1, 2025",10:00p,PHI,SAC
"Thu, Jan 2, 2025",7:30p,IND,MIA
"Thu, Jan 2, 2025",7:30p,BOS,MIN
"Thu, Jan 2, 2025",8:00p,BKN,MIL
"Thu, Jan 2, 2025",8:00p,LAC,OKC
"Thu, Jan 2, 2025",10:00p,PHI,GSW
"Thu, Jan 2, 2025",10:30p,POR,LAL
"Fri, Jan 3, 2025",7:00p,CHA,DET
"Fri, Jan 3, 2025",7:30p,ORL,TOR
"Fri, Jan 3, 2025",8:00p,BOS,HOU
"Fri, Jan 3, 2025",8:00p,WSH,NOP
"Fri, Jan 3, 2025",8:00p,NYK,OKC
"Fri, Jan 3, 2025",8:30p,CLE,DAL
"Fri, Jan 3, 2025",9:00p,SAS,DEN
"Fri, Jan 3, 2025",10:00p,MEM,SAC
"Fri, Jan 3, 2025",10:30p,ATL,LAL
"Sat, Jan 4, 2025",6:00p,PHI,BKN
"Sat, Jan 4, 2025",7:00p,MIN,DET
"Sat, Jan 4, 2025",7:00p,PHX,IND
"Sat, Jan 4, 2025",8:00p,NYK,CHI
"Sat, Jan 4, 2025",8:00p,UTA,MIA
"Sat, Jan 4, 2025",8:00p,POR,MIL
"Sat, Jan 4, 2025",8:00p,DEN,SAS
"Sat, Jan 4, 2025",8:30p,MEM,GSW
"Sat, Jan 4, 2025",10:30p,ATL,LAC
"Sun, Jan 5, 2025",3:30p,BOS,OKC
"Sun, Jan 5, 2025",6:00p,CHA,CLE
"Sun, Jan 5, 2025",6:00p,NOP,WSH
"Sun, Jan 5, 2025",6:30p,UTA,ORL
"Sun, Jan 5, 2025",7:00p,LAL,HOU
"Sun, Jan 5, 2025",8:30p,SAC,GSW
"Mon, Jan 6, 2025",7:00p,POR,DET
"Mon, Jan 6, 2025",7:00p,PHX,PHI
"Mon, Jan 6, 2025",7:30p,IND,BKN
"Mon, Jan 6, 2025",7:30p,ORL,NYK
"Mon, Jan 6, 2025",7:30p,MIL,TOR
"Mon, Jan 6, 2025",8:00p,SAS,CHI
"Mon, Jan 6, 2025",8:00p,DAL,MEM
"Mon, Jan 6, 2025",8:00p,LAC,MIN
"Mon, Jan 6, 2025",10:00p,MIA,SAC
"Tue, Jan 7, 2025",7:00p,PHX,CHA
"Tue, Jan 7, 2025",7:00p,HOU,WSH
"Tue, Jan 7, 2025",7:30p,LAL,DAL
"Tue, Jan 7, 2025",8:00p,MIN,NOP
"Tue, Jan 7, 2025",9:00p,ATL,UTA
"Tue, Jan 7, 2025",10:00p,BOS,DEN
"Tue, Jan 7, 2025",10:00p,MIA,GSW
"Wed, Jan 8, 2025",7:00p,OKC,CLE
"Wed, Jan 8, 2025",7:00p,CHI,IND
"Wed, Jan 8, 2025",7:00p,TOR,NYK
"Wed, Jan 8, 2025",7:00p,WSH,PHI
"Wed, Jan 8, 2025",7:30p,DET,BKN
"Wed, Jan 8, 2025",8:00p,POR,NOP
"Wed, Jan 8, 2025",9:00p,LAC,DEN
"Wed, Jan 8, 2025",9:30p,SAS,MIL
"Thu, Jan 9, 2025",7:00p,TOR,CLE
"Thu, Jan 9, 2025",7:00p,GSW,DET
"Thu, Jan 9, 2025",7:00p,MIN,ORL
"Thu, Jan 9, 2025",8:00p,HOU,MEM
"Thu, Jan 9, 2025",8:30p,POR,DAL
"Thu, Jan 9, 2025",9:00p,ATL,PHX
"Thu, Jan 9, 2025",9:00p,MIA,UTA
"Thu, Jan 9, 2025",10:30p,CHA,LAL
"Fri, Jan 10, 2025",7:00p,GSW,IND
"Fri, Jan 10, 2025",7:00p,MIL,ORL
"Fri, Jan 10, 2025",7:00p,NOP,PHI
"Fri, Jan 10, 2025",7:30p,SAC,BOS
"Fri, Jan 10, 2025",7:30p,OKC,NYK
"Fri, Jan 10, 2025",8:00p,WSH,CHI
"Fri, Jan 10, 2025",9:00p,BKN,DEN
"Sat, Jan 11, 2025",3:00p,HOU,ATL
"Sat, Jan 11, 2025",5:00p,UTA,PHX
"Sat, Jan 11, 2025",7:00p,TOR,DET
"Sat, Jan 11, 2025",8:00p,MEM,MIN
"Sat, Jan 11, 2025",10:00p,MIA,POR
"Sat, Jan 11, 2025",10:30p,CHA,LAC
"Sat, Jan 11, 2025",10:30p,SAS,LAL
"Sun, Jan 12, 2025",3:00p,DEN,DAL
"Sun, Jan 12, 2025",3:00p,MIL,NYK
"Sun, Jan 12, 2025",3:30p,SAC,CHI
"Sun, Jan 12, 2025",6:00p,NOP,BOS
"Sun, Jan 12, 2025",6:00p,IND,CLE
"Sun, Jan 12, 2025",6:00p,PHI,ORL
"Sun, Jan 12, 2025",6:00p,OKC,WSH
"Sun, Jan 12, 2025",8:00p,BKN,UTA
"Sun, Jan 12, 2025",9:00p,CHA,PHX
"Mon, Jan 13, 2025",7:00p,MIN,WSH
"Mon, Jan 13, 2025",7:30p,DET,NYK
"Mon, Jan 13, 2025",7:30p,GSW,TOR
"Mon, Jan 13, 2025",8:00p,MEM,HOU
"Mon, Jan 13, 2025",10:30p,MIA,LAC
"Mon, Jan 13, 2025",10:30p,SAS,LAL
"Tue, Jan 14, 2025",7:00p,CLE,IND
"Tue, Jan 14, 2025",7:00p,OKC,PHI
"Tue, Jan 14, 2025",7:30p,PHX,ATL
"Tue, Jan 14, 2025",8:00p,NOP,CHI
"Tue, Jan 14, 2025",8:00p,SAC,MIL
"Tue, Jan 14, 2025",9:30p,DEN,DAL
"Tue, Jan 14, 2025",10:00p,BKN,POR
"Wed, Jan 15, 2025",7:30p,NYK,PHI
"Wed, Jan 15, 2025",7:30p,BOS,TOR
"Wed, Jan 15, 2025",8:00p,ATL,CHI
"Wed, Jan 15, 2025",8:00p,ORL,MIL
"Wed, Jan 15, 2025",8:00p,GSW,MIN
"Wed, Jan 15, 2025",8:00p,DAL,NOP
"Wed, Jan 15, 2025",8:00p,MEM,SAS
"Wed, Jan 15, 2025",9:00p,HOU,DEN
"Wed, Jan 15, 2025",9:00p,CHA,UTA
"Wed, Jan 15, 2025",10:00p,MIA,LAL
"Wed, Jan 15, 2025",10:30p,BKN,LAC
"Thu, Jan 16, 2025",7:00p,IND,DET
"Thu, Jan 16, 2025",7:30p,PHX,WSH
"Thu, Jan 16, 2025",8:00p,CLE,OKC
"Thu, Jan 16, 2025",10:00p,LAC,POR
"Thu, Jan 16, 2025",10:00p,HOU,SAC
"Fri, Jan 17, 2025",7:00p,ORL,BOS
"Fri, Jan 17, 2025",7:30p,MIN,NYK
"Fri, Jan 17, 2025",8:00p,DEN,MIA
"Fri, Jan 17, 2025",8:00p,TOR,MIL
"Fri, Jan 17, 2025",8:00p,UTA,NOP
"Fri, Jan 17, 2025",8:00p,MEM,SAS
"Fri, Jan 17, 2025",8:30p,OKC,DAL
"Fri, Jan 17, 2025",9:30p,CHA,CHI
"Fri, Jan 17, 2025",10:30p,BKN,LAL
"Sat, Jan 18, 2025",5:00p,PHX,DET
"Sat, Jan 18, 2025",7:00p,ATL,BOS
"Sat, Jan 18, 2025",7:00p,PHI,IND
"Sat, Jan 18, 2025",8:30p,WSH,GSW
"Sat, Jan 18, 2025",9:00p,CLE,MIN
"Sat, Jan 18, 2025",10:00p,HOU,POR
"Sun, Jan 19, 2025",3:00p,SAS,MIA
"Sun, Jan 19, 2025",6:00p,DEN,ORL
"Sun, Jan 19, 2025",7:00p,PHI,MIL
"Sun, Jan 19, 2025",7:00p,BKN,OKC
"Sun, Jan 19, 2025",9:00p,LAL,LAC
"Sun, Jan 19, 2025",9:00p,CHI,POR
"Sun, Jan 19, 2025",9:00p,WSH,SAC
"Mon, Jan 20, 2025",12:00p,DAL,CHA
"Mon, Jan 20, 2025",2:00p,DET,HOU
"Mon, Jan 20, 2025",2:30p,MIN,MEM
"Mon, Jan 20, 2025",3:00p,ATL,NYK
"Mon, Jan 20, 2025",3:30p,PHX,CLE
"Mon, Jan 20, 2025",5:00p,BOS,GSW
"Mon, Jan 20, 2025",8:00p,UTA,NOP
"Tue, Jan 21, 2025",7:30p,NYK,BKN
"Tue, Jan 21, 2025",7:30p,POR,MIA
"Tue, Jan 21, 2025",7:30p,ORL,TOR
"Tue, Jan 21, 2025",10:00p,PHI,DEN
"Tue, Jan 21, 2025",10:30p,CHI,LAC
"Tue, Jan 21, 2025",10:30p,WSH,LAL
"Wed, Jan 22, 2025",7:30p,DET,ATL
"Wed, Jan 22, 2025",7:30p,PHX,BKN
"Wed, Jan 22, 2025",7:30p,MIN,DAL
"Wed, Jan 22, 2025",8:00p,CLE,HOU
"Wed, Jan 22, 2025",8:00p,CHA,MEM
"Wed, Jan 22, 2025",8:00p,MIL,NOP
"Wed, Jan 22, 2025",8:00p,UTA,OKC
"Wed, Jan 22, 2025",10:00p,GSW,SAC
"Wed, Jan 22, 2025",10:30p,BOS,LAC
"Thu, Jan 23, 2025",2:00p,SAS,IND
"Thu, Jan 23, 2025",7:00p,POR,ORL
"Thu, Jan 23, 2025",7:30p,TOR,ATL
"Thu, Jan 23, 2025",7:30p,MIA,MIL
"Thu, Jan 23, 2025",8:00p,DAL,OKC
"Thu, Jan 23, 2025",9:00p,SAC,DEN
"Thu, Jan 23, 2025",9:00p,WSH,UTA
"Thu, Jan 23, 2025",10:00p,CHI,GSW
"Thu, Jan 23, 2025",10:00p,BOS,LAL
"Fri, Jan 24, 2025",7:00p,POR,CHA
"Fri, Jan 24, 2025",7:00p,CLE,PHI
"Fri, Jan 24, 2025",8:00p,NOP,MEM
"Sat, Jan 25, 2025",12:00p,IND,SAS
"Sat, Jan 25, 2025",3:00p,DEN,MIN
"Sat, Jan 25, 2025",5:30p,BOS,DAL
"Sat, Jan 25, 2025",6:00p,MIA,BKN
"Sat, Jan 25, 2025",7:00p,NOP,CHA
"Sat, Jan 25, 2025",7:00p,DET,ORL
"Sat, Jan 25, 2025",7:30p,TOR,ATL
"Sat, Jan 25, 2025",7:30p,HOU,CLE
"Sat, Jan 25, 2025",7:30p,SAC,NYK
"Sat, Jan 25, 2025",8:00p,PHI,CHI
"Sat, Jan 25, 2025",8:00p,UTA,MEM
"Sat, Jan 25, 2025",8:30p,LAL,GSW
"Sat, Jan 25, 2025",9:00p,WSH,PHX
"Sat, Jan 25, 2025",10:30p,MIL,LAC
"Sun, Jan 26, 2025",6:00p,OKC,POR
"Mon, Jan 27, 2025",7:00p,LAL,CHA
"Mon, Jan 27, 2025",7:00p,DET,CLE
"Mon, Jan 27, 2025",7:30p,HOU,BOS
"Mon, Jan 27, 2025",7:30p,SAC,BKN
"Mon, Jan 27, 2025",7:30p,ORL,MIA
"Mon, Jan 27, 2025",7:30p,MEM,NYK
"Mon, Jan 27, 2025",7:30p,NOP,TOR
"Mon, Jan 27, 2025",8:00p,DEN,CHI
"Mon, Jan 27, 2025",8:00p,ATL,MIN
"Mon, Jan 27, 2025",8:30p,WSH,DAL
"Mon, Jan 27, 2025",9:00p,MIL,UTA
"Mon, Jan 27, 2025",9:30p,LAC,PHX
"Tue, Jan 28, 2025",7:30p,LAL,PHI
"Tue, Jan 28, 2025",10:00p,UTA,GSW
"Tue, Jan 28, 2025",10:00p,MIL,POR
"Wed, Jan 29, 2025",7:00p,BKN,CHA
"Wed, Jan 29, 2025",7:00p,DET,IND
"Wed, Jan 29, 2025",7:00p,TOR,WSH
"Wed, Jan 29, 2025",7:30p,CHI,BOS
"Wed, Jan 29, 2025",7:30p,CLE,MIA
"Wed, Jan 29, 2025",7:30p,DEN,NYK
"Wed, Jan 29, 2025",7:30p,SAC,PHI
"Wed, Jan 29, 2025",8:00p,DAL,NOP
"Wed, Jan 29, 2025",8:00p,LAC,SAS
"Wed, Jan 29, 2025",9:00p,MIN,PHX
"Wed, Jan 29, 2025",10:00p,OKC,GSW
"Thu, Jan 30, 2025",7:00p,LAL,WSH
"Thu, Jan 30, 2025",7:30p,ATL,CLE
"Thu, Jan 30, 2025",7:30p,HOU,MEM
"Thu, Jan 30, 2025",10:00p,ORL,POR
"Thu, Jan 30, 2025",10:00p,MIN,UTA
"Fri, Jan 31, 2025",7:00p,LAC,CHA
"Fri, Jan 31, 2025",7:00p,DAL,DET
"Fri, Jan 31, 2025",7:30p,DEN,PHI
"Fri, Jan 31, 2025",7:30p,CHI,TOR
"Fri, Jan 31, 2025",8:00p,BOS,NOP
"Fri, Jan 31, 2025",8:00p,MIL,SAS
"Fri, Jan 31, 2025",10:00p,PHX,GSW
"Sat, Feb 1, 2025",5:00p,ATL,IND
"Sat, Feb 1, 2025",5:00p,ORL,UTA
"Sat, Feb 1, 2025",7:00p,DEN,CHA
"Sat, Feb 1, 2025",8:00p,BKN,HOU
"Sat, Feb 1, 2025",8:00p,WSH,MIN
"Sat, Feb 1, 2025",8:00p,SAC,OKC
"Sat, Feb 1, 2025",8:30p,LAL,NYK
"Sat, Feb 1, 2025",8:30p,MIA,SAS
"Sat, Feb 1, 2025",10:00p,PHX,POR
"Sun, Feb 2, 2025",3:00p,CHI,DET
"Sun, Feb 2, 2025",3:30p,DAL,CLE
"Sun, Feb 2, 2025",3:30p,LAC,TOR
"Sun, Feb 2, 2025",6:00p,BOS,PHI
"Sun, Feb 2, 2025",8:30p,MEM,MIL
"Mon, Feb 3, 2025",7:00p,WSH,CHA
"Mon, Feb 3, 2025",7:00p,ATL,DET
"Mon, Feb 3, 2025",7:30p,HOU,NYK
"Mon, Feb 3, 2025",8:00p,SAS,MEM
"Mon, Feb 3, 2025",8:00p,SAC,MIN
"Mon, Feb 3, 2025",8:00p,MIL,OKC
"Mon, Feb 3, 2025",9:00p,NOP,DEN
"Mon, Feb 3, 2025",9:00p,IND,UTA
"Mon, Feb 3, 2025",10:00p,ORL,GSW
"Mon, Feb 3, 2025",10:00p,PHX,POR
"Tue, Feb 4, 2025",7:00p,BOS,CLE
"Tue, Feb 4, 2025",7:30p,HOU,BKN
"Tue, Feb 4, 2025",7:30p,DAL,PHI
"Tue, Feb 4, 2025",7:30p,NYK,TOR
"Tue, Feb 4, 2025",8:00p,MIA,CHI
"Tue, Feb 4, 2025",10:00p,LAL,LAC
"Tue, Feb 4, 2025",10:00p,IND,POR
"Wed, Feb 5, 2025",7:00p,MIL,CHA
"Wed, Feb 5, 2025",7:00p,CLE,DET
"Wed, Feb 5, 2025",7:30p,SAS,ATL
"Wed, Feb 5, 2025",7:30p,WSH,BKN
"Wed, Feb 5, 2025",7:30p,MIA,PHI
"Wed, Feb 5, 2025",7:30p,MEM,TOR
"Wed, Feb 5, 2025",8:00p,CHI,MIN
"Wed, Feb 5, 2025",8:00p,PHX,OKC
"Wed, Feb 5, 2025",9:00p,GSW,UTA
"Wed, Feb 5, 2025",10:00p,NOP,DEN
"Wed, Feb 5, 2025",10:00p,ORL,SAC
"Thu, Feb 6, 2025",7:30p,DAL,BOS
"Thu, Feb 6, 2025",8:00p,HOU,MIN
"Thu, Feb 6, 2025",9:00p,ORL,DEN
"Thu, Feb 6, 2025",10:00p,GSW,LAL
"Thu, Feb 6, 2025",10:00p,SAC,POR
"Thu, Feb 6, 2025",10:30p,IND,LAC
"Fri, Feb 7, 2025",7:00p,SAS,CHA
"Fri, Feb 7, 2025",7:00p,CLE,WSH
"Fri, Feb 7, 2025",7:30p,MIL,ATL
"Fri, Feb 7, 2025",7:30p,MIA,BKN
"Fri, Feb 7, 2025",7:30p,PHI,DET
"Fri, Feb 7, 2025",8:00p,TOR,OKC
"Fri, Feb 7, 2025",10:00p,UTA,PHX
"Sat, Feb 8, 2025",3:00p,HOU,DAL
"Sat, Feb 8, 2025",4:00p,IND,LAL
"Sat, Feb 8, 2025",7:00p,SAS,ORL
"Sat, Feb 8, 2025",7:00p,ATL,WSH
"Sat, Feb 8, 2025",8:00p,GSW,CHI
"Sat, Feb 8, 2025",8:00p,OKC,MEM
"Sat, Feb 8, 2025",8:00p,POR,MIN
"Sat, Feb 8, 2025",8:30p,BOS,NYK
"Sat, Feb 8, 2025",9:00p,DEN,PHX
"Sat, Feb 8, 2025",10:00p,NOP,SAC
"Sat, Feb 8, 2025",10:30p,UTA,LAC
"Sun, Feb 9, 2025",1:00p,CHA,DET
"Sun, Feb 9, 2025",2:00p,TOR,HOU
"Sun, Feb 9, 2025",2:00p,PHI,MIL
"Mon, Feb 10, 2025",7:00p,MIN,CLE
"Mon, Feb 10, 2025",7:00p,ATL,ORL
"Mon, Feb 10, 2025",7:00p,SAS,WSH
"Mon, Feb 10, 2025",7:30p,CHA,BKN
"Mon, Feb 10, 2025",7:30p,BOS,MIA
"Mon, Feb 10, 2025",8:00p,GSW,MIL
"Mon, Feb 10, 2025",8:00p,NOP,OKC
"Mon, Feb 10, 2025",8:30p,SAC,DAL
"Mon, Feb 10, 2025",9:00p,POR,DEN
"Tue, Feb 11, 2025",7:00p,TOR,PHI
"Tue, Feb 11, 2025",7:30p,NYK,IND
"Tue, Feb 11, 2025",8:00p,DET,CHI
"Tue, Feb 11, 2025",10:00p,MEM,PHX
"Tue, Feb 11, 2025",10:30p,UTA,LAL
"Wed, Feb 12, 2025",7:00p,SAS,BOS
"Wed, Feb 12, 2025",7:00p,CHA,ORL
"Wed, Feb 12, 2025",7:00p,IND,WSH
"Wed, Feb 12, 2025",7:30p,PHI,BKN
"Wed, Feb 12, 2025",7:30p,ATL,NYK
"Wed, Feb 12, 2025",7:30p,CLE,TOR
"Wed, Feb 12, 2025",8:00p,DET,CHI
"Wed, Feb 12, 2025",8:00p,MIL,MIN
"Wed, Feb 12, 2025",8:00p,SAC,NOP
"Wed, Feb 12, 2025",8:00p,MIA,OKC
"Wed, Feb 12, 2025",8:30p,PHX,HOU
"Wed, Feb 12, 2025",9:00p,POR,DEN
"Wed, Feb 12, 2025",9:00p,LAL,UTA
"Wed, Feb 12, 2025",9:30p,GSW,DAL
"Wed, Feb 12, 2025",10:30p,MEM,LAC
"Thu, Feb 13, 2025",8:00p,GSW,HOU
"Thu, Feb 13, 2025",8:00p,SAC,NOP
"Thu, Feb 13, 2025",8:30p,MIA,DAL
"Thu, Feb 13, 2025",8:30p,OKC,MIN
"Thu, Feb 20, 2025",7:00p,MEM,IND
"Thu, Feb 20, 2025",7:00p,BOS,PHI
"Thu, Feb 20, 2025",7:30p,ORL,ATL
"Thu, Feb 20, 2025",7:30p,CLE,BKN
"Thu, Feb 20, 2025",7:30p,CHI,NYK
"Thu, Feb 20, 2025",8:00p,LAC,MIL
"Thu, Feb 20, 2025",9:00p,CHA,DEN
"Thu, Feb 20, 2025",9:30p,PHX,SAS
"Thu, Feb 20, 2025",10:00p,LAL,POR
"Fri, Feb 21, 2025",7:00p,NYK,CLE
"Fri, Feb 21, 2025",7:00p,MEM,ORL
"Fri, Feb 21, 2025",7:00p,MIL,WSH
"Fri, Feb 21, 2025",7:30p,MIA,TOR
"Fri, Feb 21, 2025",8:00p,MIN,HOU
"Fri, Feb 21, 2025",8:30p,DET,SAS
"Fri, Feb 21, 2025",9:30p,NOP,DAL
"Fri, Feb 21, 2025",9:30p,OKC,UTA
"Fri, Feb 21, 2025",10:00p,GSW,SAC
"Sat, Feb 22, 2025",5:00p,PHX,CHI
"Sat, Feb 22, 2025",7:30p,BKN,PHI
"Sat, Feb 22, 2025",8:30p,LAL,DEN
"Sat, Feb 22, 2025",9:30p,HOU,UTA
"Sat, Feb 22, 2025",10:00p,CHA,POR
"Sun, Feb 23, 2025",1:00p,NYK,BOS
"Sun, Feb 23, 2025",3:30p,DAL,GSW
"Sun, Feb 23, 2025",5:00p,LAC,IND
"Sun, Feb 23, 2025",6:00p,DET,ATL
"Sun, Feb 23, 2025",6:00p,WSH,ORL
"Sun, Feb 23, 2025",6:00p,PHX,TOR
"Sun, Feb 23, 2025",7:00p,MIA,MIL
"Sun, Feb 23, 2025",7:00p,SAS,NOP
"Sun, Feb 23, 2025",7:30p,MEM,CLE
"Sun, Feb 23, 2025",9:30p,OKC,MIN
"Mon, Feb 24, 2025",7:00p,LAC,DET
"Mon, Feb 24, 2025",7:00p,DEN,IND
"Mon, Feb 24, 2025",7:00p,CHI,PHI
"Mon, Feb 24, 2025",7:00p,BKN,WSH
"Mon, Feb 24, 2025",7:30p,MIA,ATL
"Mon, Feb 24, 2025",8:00p,MIN,OKC
"Mon, Feb 24, 2025",9:00p,POR,UTA
"Mon, Feb 24, 2025",10:00p,CHA,SAC
"Tue, Feb 25, 2025",7:00p,BOS,TOR
"Tue, Feb 25, 2025",7:30p,CLE,ORL
"Tue, Feb 25, 2025",8:00p,MIL,HOU
"Tue, Feb 25, 2025",8:00p,PHX,MEM
"Tue, Feb 25, 2025",8:00p,SAS,NOP
"Tue, Feb 25, 2025",10:00p,CHA,GSW
"Tue, Feb 25, 2025",10:00p,DAL,LAL
"Wed, Feb 26, 2025",7:00p,BOS,DET
"Wed, Feb 26, 2025",7:00p,TOR,IND
"Wed, Feb 26, 2025",7:00p,PHI,NYK
"Wed, Feb 26, 2025",7:00p,POR,WSH
"Wed, Feb 26, 2025",7:30p,OKC,BKN
"Wed, Feb 26, 2025",7:30p,ATL,MIA
"Wed, Feb 26, 2025",8:00p,LAC,CHI
"Wed, Feb 26, 2025",9:00p,SAC,UTA
"Wed, Feb 26, 2025",9:30p,SAS,HOU
"Thu, Feb 27, 2025",7:00p,GSW,ORL
"Thu, Feb 27, 2025",7:30p,DEN,MIL
"Thu, Feb 27, 2025",8:30p,CHA,DAL
"Thu, Feb 27, 2025",10:00p,NOP,PHX
"Thu, Feb 27, 2025",10:30p,MIN,LAL
"Fri, Feb 28, 2025",7:00p,DEN,DET
"Fri, Feb 28, 2025",7:30p,OKC,ATL
"Fri, Feb 28, 2025",7:30p,CLE,BOS
"Fri, Feb 28, 2025",7:30p,POR,BKN
"Fri, Feb 28, 2025",8:00p,TOR,CHI
"Fri, Feb 28, 2025",8:00p,NYK,MEM
"Fri, Feb 28, 2025",8:00p,IND,MIA
"Fri, Feb 28, 2025",9:00p,NOP,PHX
"Fri, Feb 28, 2025",9:30p,MIN,UTA
"Fri, Feb 28, 2025",10:00p,LAC,LAL
"Sat, Mar 1, 2025",6:00p,WSH,CHA
"Sat, Mar 1, 2025",7:00p,BKN,DET
"Sat, Mar 1, 2025",8:00p,SAC,HOU
"Sat, Mar 1, 2025",8:00p,SAS,MEM
"Sat, Mar 1, 2025",8:30p,MIL,DAL
"Sat, Mar 1, 2025",8:30p,GSW,PHI
"Sun, Mar 2, 2025",1:00p,DEN,BOS
"Sun, Mar 2, 2025",3:30p,POR,CLE
"Sun, Mar 2, 2025",5:00p,CHI,IND
"Sun, Mar 2, 2025",6:00p,NYK,MIA
"Sun, Mar 2, 2025",6:00p,TOR,ORL
"Sun, Mar 2, 2025",7:00p,OKC,SAS
"Sun, Mar 2, 2025",8:00p,NOP,UTA
"Sun, Mar 2, 2025",9:30p,LAC,LAL
"Sun, Mar 2, 2025",9:30p,MIN,PHX
"Mon, Mar 3, 2025",7:00p,GSW,CHA
"Mon, Mar 3, 2025",7:00p,POR,PHI
"Mon, Mar 3, 2025",7:30p,WSH,MIA
"Mon, Mar 3, 2025",8:00p,ATL,MEM
"Mon, Mar 3, 2025",8:00p,HOU,OKC
"Mon, Mar 3, 2025",8:30p,SAC,DAL
"Mon, Mar 3, 2025",9:30p,DET,UTA
"Tue, Mar 4, 2025",7:00p,HOU,IND
"Tue, Mar 4, 2025",7:00p,TOR,ORL
"Tue, Mar 4, 2025",7:30p,MIL,ATL
"Tue, Mar 4, 2025",7:30p,GSW,NYK
"Tue, Mar 4, 2025",8:00p,CLE,CHI
"Tue, Mar 4, 2025",8:00p,PHI,MIN
"Tue, Mar 4, 2025",8:30p,BKN,SAS
"Tue, Mar 4, 2025",10:00p,LAC,PHX
"Tue, Mar 4, 2025",10:30p,NOP,LAL
"Wed, Mar 5, 2025",7:00p,POR,BOS
"Wed, Mar 5, 2025",7:00p,MIN,CHA
"Wed, Mar 5, 2025",7:00p,MIA,CLE
"Wed, Mar 5, 2025",7:00p,UTA,WSH
"Wed, Mar 5, 2025",8:00p,OKC,MEM
"Wed, Mar 5, 2025",9:00p,SAC,DEN
"Wed, Mar 5, 2025",9:30p,DAL,MIL
"Wed, Mar 5, 2025",10:30p,DET,LAC
"Thu, Mar 6, 2025",7:30p,IND,ATL
"Thu, Mar 6, 2025",7:30p,PHI,BOS
"Thu, Mar 6, 2025",7:30p,GSW,BKN
"Thu, Mar 6, 2025",8:00p,HOU,NOP
"Thu, Mar 6, 2025",10:00p,NYK,LAL
"Fri, Mar 7, 2025",7:00p,CLE,CHA
"Fri, Mar 7, 2025",7:30p,MEM,DAL
"Fri, Mar 7, 2025",7:30p,UTA,TOR
"Fri, Mar 7, 2025",8:00p,MIN,MIA
"Fri, Mar 7, 2025",8:00p,POR,OKC
"Fri, Mar 7, 2025",10:00p,PHX,DEN
"Fri, Mar 7, 2025",10:00p,SAS,SAC
"Fri, Mar 7, 2025",10:30p,NYK,LAC
"Sat, Mar 8, 2025",6:00p,BKN,CHA
"Sat, Mar 8, 2025",7:00p,NOP,HOU
"Sat, Mar 8, 2025",7:30p,IND,ATL
"Sat, Mar 8, 2025",7:30p,WSH,TOR
"Sat, Mar 8, 2025",8:00p,CHI,MIA
"Sat, Mar 8, 2025",8:00p,ORL,MIL
"Sat, Mar 8, 2025",8:30p,LAL,BOS
"Sat, Mar 8, 2025",8:30p,DET,GSW
"Sun, Mar 9, 2025",1:00p,DEN,OKC
"Sun, Mar 9, 2025",3:30p,PHX,DAL
"Sun, Mar 9, 2025",7:00p,CLE,MIL
"Sun, Mar 9, 2025",7:00p,MEM,NOP
"Sun, Mar 9, 2025",7:30p,UTA,PHI
"Sun, Mar 9, 2025",8:00p,SAS,MIN
"Sun, Mar 9, 2025",9:00p,DET,POR
"Sun, Mar 9, 2025",9:30p,SAC,LAC
"Mon, Mar 10, 2025",7:30p,PHI,ATL
"Mon, Mar 10, 2025",7:30p,UTA,BOS
"Mon, Mar 10, 2025",7:30p,LAL,BKN
"Mon, Mar 10, 2025",7:30p,CHA,MIA
"Mon, Mar 10, 2025",7:30p,WSH,TOR
"Mon, Mar 10, 2025",8:00p,IND,CHI
"Mon, Mar 10, 2025",8:00p,ORL,HOU
"Mon, Mar 10, 2025",8:00p,PHX,MEM
"Mon, Mar 10, 2025",8:00p,DEN,OKC
"Mon, Mar 10, 2025",8:30p,DAL,SAS
"Mon, Mar 10, 2025",10:00p,POR,GSW
"Mon, Mar 10, 2025",10:30p,NYK,SAC
"Tue, Mar 11, 2025",7:00p,BKN,CLE
"Tue, Mar 11, 2025",7:00p,WSH,DET
"Tue, Mar 11, 2025",7:00p,MIL,IND
"Tue, Mar 11, 2025",9:30p,LAC,NOP
"Wed, Mar 12, 2025",7:00p,CHI,ORL
"Wed, Mar 12, 2025",7:30p,CHA,ATL
"Wed, Mar 12, 2025",7:30p,OKC,BOS
"Wed, Mar 12, 2025",7:30p,PHI,TOR
"Wed, Mar 12, 2025",8:00p,PHX,HOU
"Wed, Mar 12, 2025",8:00p,UTA,MEM
"Wed, Mar 12, 2025",8:00p,LAC,MIA
"Wed, Mar 12, 2025",8:00p,DAL,SAS
"Wed, Mar 12, 2025",10:00p,MIN,DEN
"Wed, Mar 12, 2025",10:00p,NYK,POR
"Thu, Mar 13, 2025",7:00p,WSH,DET
"Thu, Mar 13, 2025",7:30p,LAL,MIL
"Thu, Mar 13, 2025",8:00p,BKN,CHI
"Thu, Mar 13, 2025",10:00p,SAC,GSW
"Fri, Mar 14, 2025",7:00p,BOS,MIA
"Fri, Mar 14, 2025",7:00p,IND,PHI
"Fri, Mar 14, 2025",7:30p,LAC,ATL
"Fri, Mar 14, 2025",8:00p,DAL,HOU
"Fri, Mar 14, 2025",8:00p,CLE,MEM
"Fri, Mar 14, 2025",8:00p,ORL,MIN
"Fri, Mar 14, 2025",8:00p,CHA,SAS
"Fri, Mar 14, 2025",9:30p,LAL,DEN
"Fri, Mar 14, 2025",9:30p,TOR,UTA
"Fri, Mar 14, 2025",10:00p,SAC,PHX
"Sat, Mar 15, 2025",6:00p,BOS,BKN
"Sat, Mar 15, 2025",7:00p,OKC,DET
"Sat, Mar 15, 2025",8:00p,CHI,HOU
"Sat, Mar 15, 2025",8:00p,MIA,MEM
"Sat, Mar 15, 2025",8:00p,IND,MIL
"Sat, Mar 15, 2025",8:30p,NYK,GSW
"Sat, Mar 15, 2025",8:30p,NOP,SAS
"Sat, Mar 15, 2025",9:00p,WSH,DEN
"Sun, Mar 16, 2025",1:00p,PHI,DAL
"Sun, Mar 16, 2025",3:30p,PHX,LAL
"Sun, Mar 16, 2025",6:00p,ATL,BKN
"Sun, Mar 16, 2025",6:00p,ORL,CLE
"Sun, Mar 16, 2025",6:00p,TOR,POR
"Sun, Mar 16, 2025",7:00p,UTA,MIN
"Sun, Mar 16, 2025",9:00p,OKC,MIL
"Sun, Mar 16, 2025",10:00p,WSH,LAC
"Mon, Mar 17, 2025",7:30p,MIA,NYK
"Mon, Mar 17, 2025",8:00p,PHI,HOU
"Mon, Mar 17, 2025",8:00p,IND,MIN
"Mon, Mar 17, 2025",8:00p,DET,NOP
"Mon, Mar 17, 2025",8:00p,ORL,SAS
"Mon, Mar 17, 2025",9:00p,CHI,UTA
"Mon, Mar 17, 2025",10:00p,DEN,GSW
"Mon, Mar 17, 2025",10:00p,TOR,PHX
"Mon, Mar 17, 2025",10:00p,MEM,SAC
"Tue, Mar 18, 2025",7:00p,ATL,CHA
"Tue, Mar 18, 2025",7:30p,BKN,BOS
"Tue, Mar 18, 2025",10:00p,WSH,POR
"Tue, Mar 18, 2025",10:30p,CLE,LAC
"Tue, Mar 18, 2025",10:30p,MIL,LAL
"Wed, Mar 19, 2025",7:00p,DAL,IND
"Wed, Mar 19, 2025",7:00p,HOU,ORL
"Wed, Mar 19, 2025",7:30p,DET,MIA
"Wed, Mar 19, 2025",7:30p,NOP,MIN
"Wed, Mar 19, 2025",8:00p,PHI,OKC
"Wed, Mar 19, 2025",8:00p,NYK,SAS
"Wed, Mar 19, 2025",9:00p,LAC,UTA
"Wed, Mar 19, 2025",10:00p,TOR,GSW
"Wed, Mar 19, 2025",10:00p,DEN,LAL
"Wed, Mar 19, 2025",10:00p,CHI,PHX
"Wed, Mar 19, 2025",10:00p,MEM,POR
"Wed, Mar 19, 2025",10:00p,CLE,SAC
"Thu, Mar 20, 2025",7:00p,NYK,CHA
"Thu, Mar 20, 2025",7:00p,BKN,IND
"Thu, Mar 20, 2025",10:00p,MIL,GSW
"Thu, Mar 20, 2025",10:00p,CHI,SAC
"Fri, Mar 21, 2025",7:00p,ORL,WSH
"Fri, Mar 21, 2025",8:00p,HOU,MIA
"Fri, Mar 21, 2025",8:00p,NOP,MIN
"Fri, Mar 21, 2025",8:00p,CHA,OKC
"Fri, Mar 21, 2025",8:00p,PHI,SAS
"Fri, Mar 21, 2025",8:30p,DET,DAL
"Fri, Mar 21, 2025",9:30p,BOS,UTA
"Fri, Mar 21, 2025",10:00p,CLE,PHX
"Fri, Mar 21, 2025",10:00p,DEN,POR
"Fri, Mar 21, 2025",10:30p,MEM,LAC
"Sat, Mar 22, 2025",5:00p,BKN,IND
"Sat, Mar 22, 2025",7:00p,GSW,ATL
"Sat, Mar 22, 2025",8:00p,WSH,NYK
"Sat, Mar 22, 2025",10:00p,MIL,SAC
"Sat, Mar 22, 2025",10:30p,CHI,LAL
"Sun, Mar 23, 2025",3:00p,NOP,DET
"Sun, Mar 23, 2025",3:30p,CLE,UTA
"Sun, Mar 23, 2025",6:00p,PHI,ATL
"Sun, Mar 23, 2025",6:00p,CHA,MIA
"Sun, Mar 23, 2025",6:00p,BOS,POR
"Sun, Mar 23, 2025",6:00p,SAS,TOR
"Sun, Mar 23, 2025",7:00p,DEN,HOU
"Sun, Mar 23, 2025",9:00p,OKC,LAC
"Mon, Mar 24, 2025",7:00p,MIN,IND
"Mon, Mar 24, 2025",7:00p,LAL,ORL
"Mon, Mar 24, 2025",7:00p,TOR,WSH
"Mon, Mar 24, 2025",7:30p,DAL,BKN
"Mon, Mar 24, 2025",8:00p,PHI,NOP
"Mon, Mar 24, 2025",9:00p,CHI,DEN
"Mon, Mar 24, 2025",10:00p,MIL,PHX
"Mon, Mar 24, 2025",10:00p,BOS,SAC
"Tue, Mar 25, 2025",7:00p,ORL,CHA
"Tue, Mar 25, 2025",7:00p,SAS,DET
"Tue, Mar 25, 2025",7:30p,GSW,MIA
"Tue, Mar 25, 2025",7:30p,DAL,NYK
"Tue, Mar 25, 2025",8:00p,ATL,HOU
"Tue, Mar 25, 2025",9:00p,MEM,UTA
"Tue, Mar 25, 2025",10:00p,CLE,POR
"Tue, Mar 25, 2025",10:00p,OKC,SAC
"Wed, Mar 26, 2025",7:00p,WSH,PHI
"Wed, Mar 26, 2025",7:30p,TOR,BKN
"Wed, Mar 26, 2025",7:30p,LAL,IND
"Wed, Mar 26, 2025",7:30p,LAC,NYK
"Wed, Mar 26, 2025",9:00p,MIL,DEN
"Wed, Mar 26, 2025",10:00p,BOS,PHX
"Thu, Mar 27, 2025",7:00p,SAS,CLE
"Thu, Mar 27, 2025",7:00p,DAL,ORL
"Thu, Mar 27, 2025",7:00p,IND,WSH
"Thu, Mar 27, 2025",7:30p,ATL,MIA
"Thu, Mar 27, 2025",8:00p,LAL,CHI
"Thu, Mar 27, 2025",8:00p,MEM,OKC
"Thu, Mar 27, 2025",9:00p,HOU,UTA
"Thu, Mar 27, 2025",10:00p,POR,SAC
"Fri, Mar 28, 2025",7:00p,CLE,DET
"Fri, Mar 28, 2025",7:30p,LAC,BKN
"Fri, Mar 28, 2025",7:30p,CHA,TOR
"Fri, Mar 28, 2025",8:00p,NYK,MIL
"Fri, Mar 28, 2025",8:00p,PHX,MIN
"Fri, Mar 28, 2025",8:00p,GSW,NOP
"Fri, Mar 28, 2025",9:00p,UTA,DEN
"Sat, Mar 29, 2025",5:00p,SAC,ORL
"Sat, Mar 29, 2025",7:00p,BKN,WSH
"Sat, Mar 29, 2025",7:30p,MIA,PHI
"Sat, Mar 29, 2025",8:00p,DAL,CHI
"Sat, Mar 29, 2025",8:00p,LAL,MEM
"Sat, Mar 29, 2025",8:00p,IND,OKC
"Sat, Mar 29, 2025",8:00p,BOS,SAS
"Sun, Mar 30, 2025",3:30p,LAC,CLE
"Sun, Mar 30, 2025",6:00p,POR,NYK
"Sun, Mar 30, 2025",7:00p,ATL,MIL
"Sun, Mar 30, 2025",7:00p,DET,MIN
"Sun, Mar 30, 2025",7:00p,CHA,NOP
"Sun, Mar 30, 2025",7:00p,GSW,SAS
"Sun, Mar 30, 2025",7:30p,TOR,PHI
"Sun, Mar 30, 2025",9:00p,HOU,PHX
"Mon, Mar 31, 2025",7:00p,UTA,CHA
"Mon, Mar 31, 2025",7:00p,SAC,IND
"Mon, Mar 31, 2025",7:00p,LAC,ORL
"Mon, Mar 31, 2025",7:00p,MIA,WSH
"Mon, Mar 31, 2025",8:00p,BOS,MEM
"Mon, Mar 31, 2025",8:00p,CHI,OKC
"Mon, Mar 31, 2025",8:30p,BKN,DAL
"Mon, Mar 31, 2025",10:30p,HOU,LAL
"Tue, Apr 1, 2025",7:30p,POR,ATL
"Tue, Apr 1, 2025",7:30p,PHI,NYK
"Tue, Apr 1, 2025",8:00p,TOR,CHI
"Tue, Apr 1, 2025",8:00p,GSW,MEM
"Tue, Apr 1, 2025",8:00p,PHX,MIL
"Tue, Apr 1, 2025",10:00p,MIN,DEN
"Wed, Apr 2, 2025",7:00p,NYK,CLE
"Wed, Apr 2, 2025",7:00p,CHA,IND
"Wed, Apr 2, 2025",7:00p,SAC,WSH
"Wed, Apr 2, 2025",7:30p,MIA,BOS
"Wed, Apr 2, 2025",8:00p,UTA,HOU
"Wed, Apr 2, 2025",8:00p,DET,OKC
"Wed, Apr 2, 2025",8:30p,ATL,DAL
"Wed, Apr 2, 2025",9:00p,SAS,DEN
"Wed, Apr 2, 2025",10:00p,NOP,LAC
"Thu, Apr 3, 2025",7:00p,ORL,WSH
"Thu, Apr 3, 2025",7:30p,MIN,BKN
"Thu, Apr 3, 2025",7:30p,MEM,MIA
"Thu, Apr 3, 2025",7:30p,MIL,PHI
"Thu, Apr 3, 2025",7:30p,POR,TOR
"Thu, Apr 3, 2025",10:00p,GSW,LAL
"Fri, Apr 4, 2025",7:00p,SAC,CHA
"Fri, Apr 4, 2025",7:00p,UTA,IND
"Fri, Apr 4, 2025",7:30p,PHX,BOS
"Fri, Apr 4, 2025",7:30p,DET,TOR
"Fri, Apr 4, 2025",8:00p,POR,CHI
"Fri, Apr 4, 2025",8:00p,OKC,HOU
"Fri, Apr 4, 2025",8:00p,CLE,SAS
"Fri, Apr 4, 2025",10:00p,DEN,GSW
"Fri, Apr 4, 2025",10:30p,DAL,LAC
"Fri, Apr 4, 2025",10:30p,NOP,LAL
"Sat, Apr 5, 2025",3:00p,NYK,ATL
"Sat, Apr 5, 2025",7:00p,MEM,DET
"Sat, Apr 5, 2025",7:00p,MIN,PHI
"Sat, Apr 5, 2025",8:00p,MIL,MIA
"Sat, Apr 5, 2025",10:30p,DAL,LAC
"Sun, Apr 6, 2025",1:00p,CHI,CHA
"Sun, Apr 6, 2025",3:30p,TOR,BKN
"Sun, Apr 6, 2025",3:30p,LAL,OKC
"Sun, Apr 6, 2025",6:00p,UTA,ATL
"Sun, Apr 6, 2025",6:00p,WSH,BOS
"Sun, Apr 6, 2025",6:00p,SAC,CLE
"Sun, Apr 6, 2025",6:00p,SAS,POR
"Sun, Apr 6, 2025",7:00p,ORL,NOP
"Sun, Apr 6, 2025",7:00p,PHX,NYK
"Sun, Apr 6, 2025",8:00p,IND,DEN
"Sun, Apr 6, 2025",8:30p,HOU,GSW
"Mon, Apr 7, 2025",7:00p,SAC,DET
"Mon, Apr 7, 2025",7:30p,PHI,MIA
"Tue, Apr 8, 2025",7:00p,MEM,CHA
"Tue, Apr 8, 2025",7:00p,CHI,CLE
"Tue, Apr 8, 2025",7:00p,WSH,IND
"Tue, Apr 8, 2025",7:00p,ATL,ORL
"Tue, Apr 8, 2025",7:30p,NOP,BKN
"Tue, Apr 8, 2025",7:30p,BOS,NYK
"Tue, Apr 8, 2025",8:00p,MIN,MIL
"Tue, Apr 8, 2025",8:00p,LAL,OKC
"Tue, Apr 8, 2025",10:00p,GSW,PHX
"Tue, Apr 8, 2025",10:30p,SAS,LAC
"Wed, Apr 9, 2025",7:00p,BOS,ORL
"Wed, Apr 9, 2025",7:00p,PHI,WSH
"Wed, Apr 9, 2025",7:30p,LAL,DAL
"Wed, Apr 9, 2025",7:30p,CHA,TOR
"Wed, Apr 9, 2025",8:00p,MIA,CHI
"Wed, Apr 9, 2025",8:00p,NOP,MIL
"Wed, Apr 9, 2025",9:00p,POR,UTA
"Wed, Apr 9, 2025",10:00p,SAS,GSW
"Wed, Apr 9, 2025",10:00p,OKC,PHX
"Wed, Apr 9, 2025",10:00p,DEN,SAC
"Wed, Apr 9, 2025",10:30p,HOU,LAC
"Thu, Apr 10, 2025",7:00p,NYK,DET
"Thu, Apr 10, 2025",7:00p,CLE,IND
"Thu, Apr 10, 2025",7:30p,ATL,BKN
"Thu, Apr 10, 2025",9:30p,MIN,MEM
"Fri, Apr 11, 2025",7:00p,MIL,DET
"Fri, Apr 11, 2025",7:00p,ORL,IND
"Fri, Apr 11, 2025",7:00p,ATL,PHI
"Fri, Apr 11, 2025",7:30p,CHA,BOS
"Fri, Apr 11, 2025",7:30p,CLE,NYK
"Fri, Apr 11, 2025",8:00p,WSH,CHI
"Fri, Apr 11, 2025",8:00p,MIA,NOP
"Fri, Apr 11, 2025",8:30p,TOR,DAL
"Fri, Apr 11, 2025",9:00p,MEM,DEN
"Fri, Apr 11, 2025",9:00p,BKN,MIN
"Fri, Apr 11, 2025",9:30p,OKC,UTA
"Fri, Apr 11, 2025",10:00p,SAS,PHX
"Fri, Apr 11, 2025",10:00p,GSW,POR
"Fri, Apr 11, 2025",10:00p,LAC,SAC
"Fri, Apr 11, 2025",10:30p,HOU,LAL
"Sun, Apr 13, 2025",1:00p,ORL,ATL
"Sun, Apr 13, 2025",1:00p,CHA,BOS
"Sun, Apr 13, 2025",1:00p,NYK,BKN
"Sun, Apr 13, 2025",1:00p,IND,CLE
"Sun, Apr 13, 2025",1:00p,WSH,MIA
"Sun, Apr 13, 2025",1:00p,DET,MIL
"Sun, Apr 13, 2025",1:00p,CHI,PHI
"Sun, Apr 13, 2025",3:30p,LAC,GSW
"Sun, Apr 13, 2025",3:30p,DEN,HOU
"Sun, Apr 13, 2025",3:30p,DAL,MEM
"Sun, Apr 13, 2025",3:30p,UTA,MIN
"Sun, Apr 13, 2025",3:30p,OKC,NOP
"Sun, Apr 13, 2025",3:30p,LAL,POR
"Sun, Apr 13, 2025",3:30p,PHX,SAC
"Sun, Apr 13, 2025",3:30p,TOR,SAS
